[
  {
    "id": "core",
    "x": 50,
    "y": 50,
    "type": "core",
    "label": "Abdul Aziz",
    "connections": ["ai-ml", "web-dev", "research"],
    "active": false,
    "description": "AI/ML Engineer & Software Engineer",
    "color": "#10b981"
  },
  {
    "id": "ai-ml",
    "x": 20,
    "y": 20,
    "type": "skill",
    "label": "AI/ML",
    "connections": ["pytorch", "tensorflow", "gans"],
    "active": false,
    "description": "Deep Learning, GANs, Computer Vision",
    "color": "#3b82f6"
  },
  {
    "id": "web-dev",
    "x": 80,
    "y": 20,
    "type": "skill",
    "label": "Full Stack",
    "connections": ["nextjs", "mern", "apis"],
    "active": false,
    "description": "Next.js, MERN, REST APIs",
    "color": "#8b5cf6"
  },
  {
    "id": "research",
    "x": 50,
    "y": 80,
    "type": "experience",
    "label": "Research",
    "connections": ["intrusion", "virtual-tryon"],
    "active": false,
    "description": "IoT Security, Computer Vision",
    "color": "#f59e0b"
  },
  {
    "id": "pytorch",
    "x": 10,
    "y": 10,
    "type": "skill",
    "label": "PyTorch",
    "connections": [],
    "active": false,
    "description": "Deep Learning Framework",
    "color": "#ef4444"
  },
  {
    "id": "tensorflow",
    "x": 30,
    "y": 10,
    "type": "skill",
    "label": "TensorFlow",
    "connections": [],
    "active": false,
    "description": "ML Platform",
    "color": "#f97316"
  },
  {
    "id": "gans",
    "x": 25,
    "y": 30,
    "type": "skill",
    "label": "GANs",
    "connections": [],
    "active": false,
    "description": "Generative AI Research",
    "color": "#a855f7"
  },
  {
    "id": "nextjs",
    "x": 70,
    "y": 10,
    "type": "skill",
    "label": "Next.js",
    "connections": [],
    "active": false,
    "description": "React Framework",
    "color": "#06b6d4"
  },
  {
    "id": "mern",
    "x": 90,
    "y": 10,
    "type": "skill",
    "label": "MERN",
    "connections": [],
    "active": false,
    "description": "Full Stack Development",
    "color": "#10b981"
  },
  {
    "id": "apis",
    "x": 85,
    "y": 30,
    "type": "skill",
    "label": "APIs",
    "connections": [],
    "active": false,
    "description": "RESTful Services",
    "color": "#84cc16"
  },
  {
    "id": "intrusion",
    "x": 35,
    "y": 70,
    "type": "project",
    "label": "IoT Security",
    "connections": [],
    "active": false,
    "description": "DCSW-GAN for Intrusion Detection",
    "color": "#dc2626"
  },
  {
    "id": "virtual-tryon",
    "x": 65,
    "y": 70,
    "type": "project",
    "label": "Virtual Try-On",
    "connections": [],
    "active": false,
    "description": "CP-VTON E-commerce System",
    "color": "#7c3aed"
  }
]