{
  "name": "Abdul Aziz",
  "title": "AI/ML Engineer & Neural Architect",
  "location": "Islamabad, Pakistan",
  "email": "abdulazizk1430@gmail.com",
  "phone": "+92 341 6988051",
  "bio": "Passionate AI/ML Engineer with a focus on cutting-edge technologies like Generative Adversarial Networks (GANs), Computer Vision, and Natural Language Processing. My journey in artificial intelligence began during my studies at COMSATS University, where I developed a deep fascination for neural networks and their potential to solve complex real-world problems.",
  "education": {
    "degree": "Bachelor of Science in Software Engineering",
    "university": "COMSATS University, Abbottabad",
    "duration": "Sept 2021 – Aug 2025",
    "cgpa": "3.52/4.00"
  },
  "languages": [
    { "name": "English", "level": "Fluent" },
    { "name": "Urdu", "level": "Native" },
    { "name": "Pashto", "level": "Native" }
  ],
  "social": {
    "github": "https://github.com/abdulaziz",
    "linkedin": "https://linkedin.com/in/abdulaziz"
  }
}