[
  {
    "id": "intrusion-detection",
    "title": "IoT Intrusion Detection System",
    "description": "Revolutionary GAN-based intrusion detection system using Dynamic Class-Weighted GAN (DCSW-GAN) architecture to address class imbalance in IoT network security.",
    "tech": ["Python", "PyTorch", "GANs", "Deep Learning", "IoT Security"],
    "github": "https://github.com/abdulaziz/intrusion-detection",
    "status": "completed",
    "category": "research",
    "featured": true,
    "highlights": [
      "Improved minority-class recall on UNSW-NB15 dataset",
      "Validated with t-SNE visualization and confusion matrices",
      "Published research findings with novel adaptive loss weighting"
    ]
  },
  {
    "id": "virtual-tryon",
    "title": "Virtual Try-On E-commerce System",
    "description": "Advanced computer vision system using CP-VTON models fine-tuned on proprietary datasets for realistic clothing try-on experiences.",
    "tech": ["PyTorch", "OpenCV", "Computer Vision", "Deep Learning"],
    "github": "https://github.com/abdulaziz/virtual-tryon",
    "demo": "https://virtual-tryon-demo.com",
    "status": "in-progress",
    "category": "ai-ml",
    "featured": true,
    "highlights": [
      "Real-time clothing segmentation and fitting",
      "Custom dataset training for improved accuracy",
      "Integration with e-commerce platforms"
    ]
  },
  {
    "id": "pantrymind",
    "title": "PantryMind AI",
    "description": "Intelligent pantry and recipe management system powered by NLP for ingredient parsing and personalized recipe recommendations.",
    "tech": ["Python", "Flask", "NLP", "Machine Learning"],
    "github": "https://github.com/abdulaziz/pantrymind",
    "status": "completed",
    "category": "ai-ml",
    "featured": false,
    "highlights": [
      "Smart ingredient recognition and parsing",
      "Personalized recipe recommendations",
      "Nutritional analysis and meal planning"
    ]
  },
  {
    "id": "ecommerce-platform",
    "title": "Full-Stack E-commerce Platform",
    "description": "Scalable e-commerce solution built with MERN stack featuring advanced product management, cart functionality, and secure checkout.",
    "tech": ["React", "Node.js", "MongoDB", "Express", "JWT"],
    "github": "https://github.com/abdulaziz/ecommerce",
    "demo": "https://ecommerce-demo.com",
    "status": "completed",
    "category": "web-dev",
    "featured": false,
    "highlights": [
      "Microservices architecture",
      "Real-time inventory management",
      "Secure payment integration"
    ]
  },
  {
    "id": "lab-management",
    "title": "Laboratory Management System",
    "description": "Comprehensive laboratory management system with role-based access control for Admin, Staff, and Patients with secure JWT authentication.",
    "tech": ["React", "Node.js", "MongoDB", "JWT", "Express"],
    "github": "https://github.com/abdulaziz/lab-management",
    "status": "completed",
    "category": "web-dev",
    "featured": false,
    "highlights": [
      "Role-based access control (RBAC)",
      "Real-time appointment scheduling",
      "Secure patient data management"
    ]
  },
  {
    "id": "shopbot",
    "title": "AI E-commerce Shopbot",
    "description": "Intelligent conversational AI that provides personalized shopping experiences, greets users by name, and offers context-aware recommendations.",
    "tech": ["Python", "NLP", "FastAPI", "Machine Learning"],
    "status": "in-progress",
    "category": "ai-ml",
    "featured": true,
    "highlights": [
      "Natural language processing for conversations",
      "Personalized product recommendations",
      "Context-aware customer interactions"
    ]
  }
]