[
  {
    "category": "AI/ML & Deep Learning",
    "icon": "brain",
    "color": "purple",
    "items": [
      { 
        "name": "PyTorch", 
        "level": 90, 
        "years": 3, 
        "description": "Deep learning framework for neural network development and research" 
      },
      { 
        "name": "TensorFlow", 
        "level": 85, 
        "years": 2, 
        "description": "End-to-end machine learning platform for model development" 
      },
      { 
        "name": "GANs", 
        "level": 95, 
        "years": 2, 
        "description": "Generative Adversarial Networks specialist with research publications" 
      },
      { 
        "name": "Computer Vision", 
        "level": 88, 
        "years": 3, 
        "description": "Image processing, object detection, and visual recognition systems" 
      },
      { 
        "name": "NLP", 
        "level": 82, 
        "years": 2, 
        "description": "Natural Language Processing and text analysis" 
      },
      { 
        "name": "OpenCV", 
        "level": 87, 
        "years": 3, 
        "description": "Computer vision library for image and video processing" 
      }
    ]
  },
  {
    "category": "Programming Languages",
    "icon": "code",
    "color": "blue",
    "items": [
      { 
        "name": "Python", 
        "level": 95, 
        "years": 4, 
        "description": "Primary programming language for AI/ML and backend development" 
      },
      { 
        "name": "JavaScript", 
        "level": 88, 
        "years": 3, 
        "description": "Frontend and full-stack web development" 
      },
      { 
        "name": "TypeScript", 
        "level": 85, 
        "years": 2, 
        "description": "Strongly typed JavaScript for large-scale applications" 
      },
      { 
        "name": "Java", 
        "level": 80, 
        "years": 3, 
        "description": "Object-oriented programming and enterprise applications" 
      },
      { 
        "name": "C++", 
        "level": 75, 
        "years": 2, 
        "description": "System programming and performance-critical applications" 
      }
    ]
  },
  {
    "category": "Web Development",
    "icon": "globe",
    "color": "green",
    "items": [
      { 
        "name": "Next.js", 
        "level": 90, 
        "years": 2, 
        "description": "React framework for production-grade applications" 
      },
      { 
        "name": "React", 
        "level": 92, 
        "years": 3, 
        "description": "Component-based UI library for interactive interfaces" 
      },
      { 
        "name": "Node.js", 
        "level": 88, 
        "years": 3, 
        "description": "Server-side JavaScript runtime for backend development" 
      },
      { 
        "name": "Express", 
        "level": 85, 
        "years": 3, 
        "description": "Web application framework for Node.js" 
      },
      { 
        "name": "Flask", 
        "level": 87, 
        "years": 2, 
        "description": "Lightweight Python web framework for APIs" 
      },
      { 
        "name": "FastAPI", 
        "level": 83, 
        "years": 2, 
        "description": "Modern Python web framework for building APIs" 
      }
    ]
  },
  {
    "category": "Databases & Tools",
    "icon": "database",
    "color": "orange",
    "items": [
      { 
        "name": "PostgreSQL", 
        "level": 85, 
        "years": 3, 
        "description": "Advanced open-source relational database" 
      },
      { 
        "name": "MongoDB", 
        "level": 88, 
        "years": 3, 
        "description": "NoSQL document database for flexible data storage" 
      },
      { 
        "name": "Firebase", 
        "level": 80, 
        "years": 2, 
        "description": "Backend-as-a-service platform for rapid development" 
      },
      { 
        "name": "Git/GitHub", 
        "level": 92, 
        "years": 4, 
        "description": "Version control and collaborative development" 
      },
      { 
        "name": "Docker", 
        "level": 75, 
        "years": 1, 
        "description": "Containerization for application deployment" 
      },
      { 
        "name": "AWS", 
        "level": 70, 
        "years": 1, 
        "description": "Cloud computing services and infrastructure" 
      }
    ]
  }
]