{
  "help": {
    "description": "Show available commands",
    "output": [
      "🚀 Available Neural Commands:",
      "━━━━━━━━━━━━━━━━━━━━━━━━━━━━━━━━━━━━━━━━━━━━━━━━━━",
      "📋 Information Commands:",
      "  about      - Personal information and bio",
      "  skills     - Technical skills and expertise",
      "  projects   - Project portfolio and highlights",
      "  research   - Research publications and findings",
      "",
      "🎮 Interactive Commands:",
      "  navigate   - Navigate between pages (navigate <page>)",
      "  playground - Open code playground",
      "  matrix     - Toggle matrix rain effect",
      "  metrics    - Show live system metrics",
      "",
      "🔗 Integration Commands:",
      "  ai-demo    - Launch AI assistant demo",
      "  web3       - Web3 wallet integration info",
      "  hack       - Try to hack the system (Easter egg)",
      "",
      "🛠️  Utility Commands:",
      "  clear      - Clear terminal history",
      "  exit       - Close terminal"
    ]
  },
  "about": {
    "description": "Show personal information",
    "output": [
      "🧠 Abdul Aziz - AI/ML Engineer & Neural Architect",
      "━━━━━━━━━━━━━━━━━━━━━━━━━━━━━━━━━━━━━━━━━━━━━━━━━━",
      "🎓 Education: COMSATS University, Software Engineering",
      "📊 CGPA: 3.52/4.00 (Sept 2021 – Aug 2025)",
      "🏢 Current: AI/ML Intern at OMNISOLVE AI",
      "🔬 Specialization: GANs, Computer Vision, NLP",
      "📍 Location: Islamabad, Pakistan",
      "📧 Contact: abdulazizk1430@gmail.com",
      "",
      "💡 Passionate about building intelligent systems that",
      "   bridge the gap between imagination and reality."
    ]
  },
  "skills": {
    "description": "Show technical skills",
    "output": [
      "⚡ Technical Skills & Expertise",
      "━━━━━━━━━━━━━━━━━━━━━━━━━━━━━━━━━━━━━━━━━━━━━━━━━━",
      "🤖 AI/ML & Deep Learning:",
      "  • PyTorch (90%) - 3 years experience",
      "  • TensorFlow (85%) - 2 years experience", 
      "  • GANs (95%) - 2 years, Research focus",
      "  • Computer Vision (88%) - 3 years experience",
      "  • NLP (82%) - 2 years experience",
      "",
      "💻 Programming Languages:",
      "  • Python (95%) - Primary language, 4 years",
      "  • JavaScript (88%) - Web development, 3 years",
      "  • TypeScript (85%) - 2 years experience",
      "  • Java (80%) - 3 years experience",
      "  • C++ (75%) - 2 years experience",
      "",
      "🌐 Web Technologies:",
      "  • Next.js (90%) - React framework, 2 years",
      "  • React (92%) - UI library, 3 years",
      "  • Node.js (88%) - Backend, 3 years"
    ]
  },
  "projects": {
    "description": "Show project portfolio",
    "output": [
      "🚀 Project Portfolio",
      "━━━━━━━━━━━━━━━━━━━━━━━━━━━━━━━━━━━━━━━━━━━━━━━━━━",
      "🔬 Research Projects:",
      "  1. IoT Intrusion Detection (DCSW-GAN)",
      "     • Novel GAN architecture for IoT security",
      "     • 94.8% accuracy on UNSW-NB15 dataset",
      "     • Published research findings",
      "",
      "🤖 AI/ML Projects:",
      "  2. Virtual Try-On E-commerce System",
      "     • CP-VTON models for realistic fitting",
      "     • Real-time clothing segmentation",
      "     • Custom dataset training",
      "",
      "  3. PantryMind AI",
      "     • NLP-powered recipe recommendations",
      "     • Smart ingredient parsing",
      "     • Nutritional analysis system",
      "",
      "💻 Web Development:",
      "  4. E-commerce Platform (MERN Stack)",
      "  5. Laboratory Management System",
      "  6. AI E-commerce Shopbot (In Progress)",
      "",
      "📊 Total: 25+ repositories, 1,247+ commits"
    ]
  },
  "research": {
    "description": "Show research work",
    "output": [
      "🔬 Research & Publications",
      "━━━━━━━━━━━━━━━━━━━━━━━━━━━━━━━━━━━━━━━━━━━━━━━━━━",
      "📄 Primary Research:",
      "  \"Intrusion Detection in IoT Networks using",
      "   Deep Learning-based GAN Architecture\"",
      "",
      "🎯 Key Contributions:",
      "  • Proposed Dynamic Class-Weighted GAN (DCSW-GAN)",
      "  • Addressed class imbalance in IoT security",
      "  • Adaptive loss weighting algorithm",
      "",
      "📊 Results & Validation:",
      "  • Improved minority-class recall on UNSW-NB15",
      "  • Enhanced F1-score on CICIDS-2017 dataset",
      "  • Validated with t-SNE visualization",
      "  • Confusion matrix analysis",
      "",
      "🏆 Impact:",
      "  • Novel approach to IoT intrusion detection",
      "  • Potential for real-world deployment",
      "  • Contribution to cybersecurity research",
      "",
      "📅 Timeline: Sept 2024 – June 2025"
    ]
  },
  "metrics": {
    "description": "Show live system metrics",
    "output": ["Metrics will be populated dynamically by the component"]
  },
  "playground": {
    "description": "Open interactive code playground",
    "output": [
      "🎮 Neural Code Playground Activated!",
      "━━━━━━━━━━━━━━━━━━━━━━━━━━━━━━━━━━━━━━━━━━━━━━━━━━",
      "🧠 Interactive coding environment loaded",
      "💻 Features available:",
      "  • Live GAN training demo",
      "  • Neural network visualization",
      "  • Real-time code execution",
      "  • DCSW-GAN implementation showcase",
      "",
      "🚀 Opening playground interface..."
    ]
  },
  "ai-demo": {
    "description": "Launch AI assistant",
    "output": [
      "🤖 AI Assistant: Neural Interface Ready!",
      "━━━━━━━━━━━━━━━━━━━━━━━━━━━━━━━━━━━━━━━━━━━━━━━━━━",
      "💬 Intelligent conversation system activated",
      "🧠 Powered by custom NLP models",
      "⚡ Capabilities:",
      "  • Answer questions about projects",
      "  • Explain technical concepts",
      "  • Provide career insights",
      "  • Discuss AI/ML topics",
      "",
      "🔌 Backend Integration:",
      "  API Endpoint: /api/ai-chat",
      "  Status: Ready for Python backend connection"
    ]
  },
  "web3": {
    "description": "Web3 integration information",
    "output": [
      "🔗 Web3 Integration Status",
      "━━━━━━━━━━━━━━━━━━━━━━━━━━━━━━━━━━━━━━━━━━━━━━━━━━",
      "💰 Wallet Connection: Available",
      "⛓️  Blockchain Resume: Verification Ready",
      "🏆 NFT Portfolio: Future Implementation",
      "",
      "🛠️  Technical Features:",
      "  • MetaMask integration",
      "  • Smart contract interaction",
      "  • Decentralized identity verification",
      "  • Crypto payment acceptance",
      "",
      "🌟 Use Cases:",
      "  • Verified skill credentials",
      "  • Project authenticity proof",
      "  • Decentralized portfolio hosting",
      "  • Crypto-based freelance payments"
    ]
  },
  "matrix": {
    "description": "Toggle Matrix rain effect",
    "output": ["Matrix mode toggled. Welcome to the neural reality."]
  },
  "hack": {
    "description": "Easter egg command",
    "output": [
      "🚨 NEURAL FIREWALL ACTIVATED",
      "━━━━━━━━━━━━━━━━━━━━━━━━━━━━━━━━━━━━━━━━━━━━━━━━━━",
      "⚡ Unauthorized access attempt detected!",
      "🛡️  AI defense systems online...",
      "🔍 Analyzing threat patterns...",
      "",
      "🤖 Neural network response:",
      "  \"Nice try, but my neural pathways are",
      "   protected by advanced GAN architecture!\"",
      "",
      "😉 Just kidding! Thanks for exploring.",
      "🎯 Fun fact: This portfolio has multiple",
      "   layers of interactive Easter eggs.",
      "",
      "💡 Try: 'matrix', 'playground', or 'ai-demo'"
    ]
  },
  "clear": {
    "description": "Clear terminal history",
    "output": []
  },
  "exit": {
    "description": "Close terminal",
    "output": [
      "👋 Neural terminal session ended.",
      "💫 Thanks for exploring the neural interface!"
    ]
  }
}